[
  {
    "firstname": "efweffew",
    "lastname": "wefwfew",
    "company": "fwewfw",
    "position": "wefwe",
    "url": "fewfewfw"
  },
  {
    "firstname": "efweffew",
    "lastname": "wefwfew",
    "company": "fwewfw",
    "position": "wefwe",
    "url": "fewfewfw"
  },
  {
    "firstname": "efweffew",
    "lastname": "wefwfew",
    "company": "fwewfw",
    "position": "wefwe",
    "url": "fewfewfw"
  },
  {
    "firstname": "efweffew",
    "lastname": "wefwfew",
    "company": "fwewfw",
    "position": "wefwe",
    "url": "fewfewfw"
  },
  {
    "firstname": "efweffew",
    "lastname": "wefwfew",
    "company": "fwewfw",
    "position": "wefwe",
    "url": "fewfewfw"
  },
  {
    "firstname": "efweffew",
    "lastname": "wefwfew",
    "company": "fwewfw",
    "position": "wefwe",
    "url": "fewfewfw"
  },
  {
    "firstname": "efweffew",
    "lastname": "wefwfew",
    "company": "fwewfw",
    "position": "wefwe",
    "url": "fewfewfw"
  }
]